Business Name,Coordinates,Phone Number,Description,Job Suggestions
Nail'd it luxury unisex salon,"17.2446769, 80.1558804",070935 93305,,"Here are 3 realistic job positions for Nail'd it luxury unisex salon:

Position: **Nail Technician**
Responsibilities:
- Providing high-quality manicures and pedicures, including gel and acrylic applications.
- Maintaining a clean and sanitary work environment, adhering to hygiene standards.
- Consulting with clients to understand their nail care needs and preferences.
Qualifications:
- Proven experience as a Nail Technician.
- Knowledge of various nail care techniques and products.
- Certification in nail technology (desirable).
Salary: ₹12,000 - ₹20,000 per month + Commission

Position: **Salon Receptionist/Administrator**
Responsibilities:
- Managing appointments and scheduling for all nail technicians.
- Handling client inquiries and providing excellent customer service (in-person and phone).
- Processing payments and maintaining accurate records.
Qualifications:
- Excellent communication and interpersonal skills.
- Basic computer literacy and experience with scheduling software.
- High school diploma or equivalent.
Salary: ₹10,000 - ₹15,000 per month

Position: **Salon Manager**
Responsibilities:
- Overseeing daily operations of the salon, ensuring smooth workflow.
- Managing and training staff, including nail technicians and receptionists.
- Marketing the salon to attract new clients and retain existing ones.
Qualifications:
- Previous experience in salon management or a similar role.
- Strong leadership and organizational skills.
- Knowledge of salon industry trends and best practices.
Salary: ₹20,000 - ₹30,000 per month + Performance Based Incentives
"
Green trends Unisex Hair and Style Salon - Khammam,"17.2501744, 80.1370458",094909 55353,,"Here are three realistic job positions for Green Trends Unisex Hair and Style Salon - Khammam:

Position: **Senior Hairstylist/Hair Technician**
Responsibilities:
- Perform haircuts, styling, coloring, and chemical treatments (e.g., perms, straightening) according to client requests and salon standards.
- Consult with clients to understand their hair needs and recommend suitable services and products.
- Maintain a clean and organized workstation, adhering to hygiene and safety protocols.
Qualifications:
- Proven experience (3+ years) as a hairstylist in a reputable salon.
- Expertise in various haircutting, coloring, and styling techniques.
- Knowledge of hair care products and treatments.
Salary: ₹15,000 - ₹25,000

Position: **Junior Beautician/Cosmetologist**
Responsibilities:
- Assist senior stylists with salon procedures.
- Provide basic beauty treatments such as facials, waxing, threading and manicures/pedicures.
- Maintain cleanliness and hygiene standards in the treatment areas.
Qualifications:
- Diploma/Certification in cosmetology or beauty therapy.
- Basic knowledge of beauty treatments and products.
- Good communication and interpersonal skills.
Salary: ₹8,000 - ₹15,000

Position: **Salon Receptionist/Front Desk Executive**
Responsibilities:
- Greet clients, schedule appointments, and manage the salon's appointment book.
- Handle phone calls, answer inquiries, and provide information about salon services.
- Process payments, manage cash flow, and maintain accurate records.
Qualifications:
- High school diploma or equivalent.
- Excellent communication and customer service skills.
- Basic computer literacy and experience with appointment scheduling software.
Salary: ₹7,000 - ₹12,000
"
Pinks n Bloos Beauty Salon,"17.2501744, 80.1370458",094942 57070,,"Here are 3 realistic job positions for Pinks n Bloos Beauty Salon:

Position: **Senior Hairstylist**
Responsibilities:
- Performing hair styling, cutting, coloring, and treatments according to client requests.
- Providing consultations to clients on hairstyle options and hair care.
- Maintaining a clean and organized work station.
Qualifications:
- Proven experience as a Hairstylist (3+ years).
- Expertise in various hair styling techniques.
- Knowledge of hair care products and treatments.
Salary: ₹15,000 - ₹25,000

Position: **Beautician/Cosmetologist**
Responsibilities:
- Providing facial treatments, waxing, threading, and manicures/pedicures.
- Advising clients on skincare routines and beauty products.
- Maintaining hygiene and sanitation standards.
Qualifications:
- Diploma or Certification in Cosmetology/Beauty Therapy.
- Experience in performing various beauty treatments.
- Good communication and customer service skills.
Salary: ₹12,000 - ₹20,000

Position: **Salon Receptionist/Administrator**
Responsibilities:
- Greeting clients and managing appointments (scheduling & confirmations).
- Handling phone calls and inquiries.
- Managing cash transactions and maintaining records.
Qualifications:
- High school diploma or equivalent.
- Basic computer skills (MS Office).
- Good communication and organizational skills.
Salary: ₹8,000 - ₹12,000
"
Beautouch Unisex Hair and beauty Salon,"17.2501744, 80.1370458",082977 82988,,"Here are 3 realistic job positions for Beautouch Unisex Hair and Beauty Salon:

**Position: Senior Hair Stylist**
Responsibilities:
- Performing a wide range of hair services including cutting, coloring, styling, and treatments.
- Consulting with clients to understand their needs and recommend suitable hairstyles.
- Maintaining a clean and organized work station.
- Keeping up-to-date with the latest hair trends and techniques.
Qualifications:
- Proven experience (3+ years) as a Hair Stylist in a reputable salon.
- Expertise in various hair cutting and coloring techniques.
- Good communication and customer service skills.
- Certification from a recognized cosmetology school is preferred.
Salary: ₹15,000 - ₹25,000 per month (plus commission potential)

**Position: Beautician/Cosmetologist**
Responsibilities:
- Providing a variety of beauty treatments, including facials, waxing, threading, and manicures/pedicures.
- Advising clients on skincare and makeup techniques.
- Maintaining hygiene and sanitation standards.
- Upselling beauty products and services.
Qualifications:
- Diploma or certification in Cosmetology.
- Experience in performing various beauty treatments.
- Knowledge of skincare products and ingredients.
- Excellent customer service skills.
Salary: ₹12,000 - ₹20,000 per month (plus commission potential)

**Position: Salon Receptionist/Manager**
Responsibilities:
- Greeting clients and managing appointments.
- Handling phone calls and inquiries.
- Processing payments and maintaining records.
- Managing inventory and ensuring salon cleanliness.
Qualifications:
- High school diploma or equivalent.
- Excellent communication and interpersonal skills.
- Basic computer literacy and knowledge of salon software.
- Previous experience in a customer service role is a plus.
Salary: ₹8,000 - ₹15,000 per month
"
Shree beauty parlour,"17.2458359, 80.1227522",086866 59666,,"Here are 3 realistic job positions for Shree Beauty Parlour:

**Position: Senior Beautician**
Responsibilities:
- Performing advanced facial treatments, waxing, and threading.
- Providing excellent customer service and building client relationships.
- Maintaining a clean and organized workstation.
- Upselling beauty products and services.
Qualifications:
- Proven experience as a Beautician (3+ years).
- Certification in advanced skincare treatments.
- Knowledge of various beauty products and techniques.
- Excellent communication and interpersonal skills.
Salary: ₹15,000 - ₹25,000

**Position: Junior Hair Stylist**
Responsibilities:
- Shampooing, conditioning, and blow-drying hair.
- Assisting senior stylists with hair coloring and styling.
- Maintaining cleanliness in the hair styling area.
- Providing basic hair consultations.
Qualifications:
- Diploma or Certification in Hairdressing.
- Basic knowledge of hair care products and techniques.
- Good communication and listening skills.
- Willingness to learn and grow.
Salary: ₹8,000 - ₹12,000

**Position: Receptionist/Front Desk Assistant**
Responsibilities:
- Greeting clients and managing appointments.
- Answering phone calls and responding to inquiries.
- Handling cash and card transactions.
- Maintaining a tidy reception area.
Qualifications:
- High school diploma or equivalent.
- Basic computer skills.
- Excellent communication and customer service skills.
- Pleasant and professional demeanor.
Salary: ₹7,000 - ₹10,000
"
